{
  "images" : [
    {
      "idiom" : "universal",
      "scale" : "1x"
    },
    {
      "idiom" : "universal",
      "filename" : "record_volumright@2x.png",
      "scale" : "2x"
    },
    {
      "idiom" : "universal",
      "filename" : "record_volumright@3x.png",
      "scale" : "3x"
    },
    {
      "idiom" : "universal",
      "filename" : "record_volumright-667h@2x.png",
      "subtype" : "667h",
      "scale" : "2x"
    }
  ],
  "info" : {
    "version" : 1,
    "author" : "xcode"
  }
}